restaurant_id,rating,zone,latitude,longitude
0,3.98,Uptown,40.78230103332385,-73.96746079490963
1,3.51,Downtown,40.71328518866136,-74.0025669055589
2,4.63,Brooklyn,40.67349203828586,-73.94493803464803
3,4.06,Brooklyn,40.67592165950297,-73.94641020461171
4,4.95,Uptown,40.78851394876033,-73.9716040737635
5,4.04,Brooklyn,40.67607411313605,-73.94079530666066
6,3.36,Queens,40.73032528015574,-73.78804353881911
7,4.54,Midtown,40.75337749229109,-73.9877045007101
8,3.3,Queens,40.728800323649736,-73.79485716697609
9,3.57,Midtown,40.75250808864404,-73.98581356626363
10,4.88,Downtown,40.707094737938306,-74.00708515901445
11,4.95,Uptown,40.78177703282423,-73.96607940921946
12,4.55,Queens,40.72952549117622,-73.79720871508665
13,3.41,Brooklyn,40.68023482912127,-73.94902220022762
14,4.48,Midtown,40.755329092182414,-73.98339392720074
15,4.19,Queens,40.72586781835007,-73.79376126021103
16,3.89,Queens,40.73096075167735,-73.79616322634881
17,3.89,Queens,40.72603408845806,-73.79694407622304
18,3.91,Uptown,40.781117844496094,-73.97071898243911
19,3.64,Brooklyn,40.67525930382774,-73.94824971074104
20,4.08,Uptown,40.78183087964829,-73.96993469880275
21,3.07,Uptown,40.78221325606749,-73.97224314139316
22,4.7,Uptown,40.783979952086646,-73.96703898250148
23,4.79,Downtown,40.708741299665014,-74.00504475799175
24,3.78,Downtown,40.711418914874,-74.00646040970288
25,4.9,Uptown,40.78069824242666,-73.97188909370615
26,4.55,Uptown,40.78438270397728,-73.97700114241887
27,4.7,Uptown,40.784007614206416,-73.97157233478826
28,4.78,Queens,40.72511149857351,-73.79550973960913
29,3.68,Brooklyn,40.67967672619614,-73.94404574811534
30,4.63,Downtown,40.71264293278905,-74.00657089328836
31,3.29,Queens,40.73057953250664,-73.79061507363686
32,4.95,Queens,40.72626159749279,-73.79570678586028
33,4.19,Downtown,40.71457133392052,-74.008531719722
34,4.39,Queens,40.73079495499819,-73.79989413826718
35,3.61,Midtown,40.75510676540363,-73.98533776247524
36,3.06,Midtown,40.76119352249742,-73.9871411098622
37,3.33,Uptown,40.784574431481,-73.97509376707148
38,3.28,Queens,40.733488413389836,-73.79583525977382
39,3.88,Midtown,40.76246554827764,-73.98058514120038
40,3.59,Uptown,40.778081325074496,-73.96839492899211
41,4.89,Downtown,40.716254960810495,-74.00984598307643
42,4.68,Downtown,40.71434902051617,-74.0058899368592
43,4.08,Uptown,40.78383021312795,-73.96993058262974
44,4.7,Midtown,40.75291742109996,-73.98224592679904
45,4.17,Downtown,40.710126081531406,-74.00118901117006
46,4.84,Downtown,40.709640587604156,-74.0095090318772
47,4.49,Midtown,40.76156989470493,-73.98665747394564
48,4.47,Midtown,40.75636214797033,-73.98598782067805
49,3.55,Queens,40.72412246675631,-73.7938009298373
50,4.59,Uptown,40.77994215552173,-73.97936553767225
51,4.54,Uptown,40.77702464530454,-73.97188599817244
52,3.16,Downtown,40.716373181375744,-74.01134717922488
53,3.12,Downtown,40.712935858812834,-74.00600698109125
54,4.76,Midtown,40.75642753617168,-73.97778976298939
55,4.96,Queens,40.72820729613994,-73.79219698927449
56,4.21,Brooklyn,40.68104340869652,-73.94787869243619
57,3.34,Downtown,40.71160945518285,-74.00725590381607
58,3.84,Downtown,40.713686331398804,-74.0086693483041
59,3.04,Midtown,40.75572214945831,-73.98011628460998
60,4.64,Midtown,40.75141910781591,-73.99060543734589
61,3.21,Queens,40.72603088781382,-73.79621769378912
62,3.67,Downtown,40.711891294281145,-74.00808966594536
63,4.13,Brooklyn,40.6791629982346,-73.94771961828674
64,4.4,Midtown,40.75906527005659,-73.97902439194058
65,4.81,Midtown,40.755247212101004,-73.98869852925752
66,3.84,Midtown,40.754636854952885,-73.98758284095993
67,3.38,Brooklyn,40.67912992610454,-73.93941340109647
68,3.22,Brooklyn,40.67772880301883,-73.94449876914922
69,4.32,Uptown,40.78303189001354,-73.97172652880921
70,3.26,Queens,40.73274772582805,-73.79677603456233
71,4.32,Queens,40.727530805936915,-73.79490654784506
72,3.91,Brooklyn,40.6789858240013,-73.94548748355679
73,3.83,Uptown,40.78116513126218,-73.97340384716797
74,3.52,Uptown,40.786882526839776,-73.97540425356101
75,4.8,Brooklyn,40.67546581048975,-73.94407924874379
76,4.43,Uptown,40.78288434354496,-73.97299114500929
77,4.05,Downtown,40.71574749573026,-74.00740737928942
78,3.85,Brooklyn,40.675602044715745,-73.9422210074234
79,3.72,Midtown,40.75750364711975,-73.98551714920391
80,3.8,Brooklyn,40.67205275547373,-73.94452970217185
81,4.71,Downtown,40.70952419946761,-74.00097891523956
82,3.84,Downtown,40.71251743676945,-74.00484908708219
83,3.01,Uptown,40.79032892154381,-73.97281927374158
84,4.85,Brooklyn,40.67863640633702,-73.94749146235829
85,4.19,Uptown,40.783600307218464,-73.97159787274948
86,3.33,Downtown,40.71624317406493,-74.00363685841742
87,3.25,Midtown,40.75164094363918,-73.98577031449501
88,3.75,Uptown,40.77400003238131,-73.97132992879536
89,4.22,Midtown,40.7601015552461,-73.985846750651
90,4.88,Queens,40.7300139749122,-73.79612320662514
91,3.11,Uptown,40.78176417684175,-73.9750321229613
92,3.71,Queens,40.728372074660456,-73.79426882565018
93,3.51,Downtown,40.715956407845255,-74.00574893726892
94,3.84,Uptown,40.78271220289889,-73.96695788744445
95,4.58,Queens,40.72863465857073,-73.79476998094152
96,3.32,Midtown,40.76100600938012,-73.98633409887202
97,4.87,Queens,40.72446934231573,-73.7907394425781
98,3.51,Brooklyn,40.679751635285854,-73.94330351998553
99,4.51,Uptown,40.77943394867573,-73.970829484017
100,4.28,Downtown,40.71748965242075,-74.00624030340074
101,4.1,Queens,40.7290793183595,-73.79464491751153
102,4.69,Uptown,40.781039517793666,-73.97399546175765
103,4.21,Brooklyn,40.67369828175006,-73.94465895623054
104,4.56,Brooklyn,40.677149417755324,-73.94507162464481
105,4.18,Uptown,40.783656883076205,-73.97034359652373
106,4.44,Downtown,40.71627529334352,-74.00286420961612
107,3.09,Uptown,40.779819165944986,-73.96851557599223
108,4.29,Uptown,40.780626137128976,-73.96987993853017
109,4.78,Downtown,40.711308884801525,-74.01138413679213
110,4.3,Downtown,40.71047444415515,-74.00751812029635
111,4.64,Midtown,40.753356340263934,-73.98967967347282
112,4.98,Midtown,40.75206448411412,-73.98096713027545
113,3.31,Uptown,40.78435141912034,-73.9717748343285
114,4.38,Brooklyn,40.676751183907626,-73.94485504392634
115,4.79,Downtown,40.71283242155461,-74.00827052166203
116,3.06,Queens,40.72911291268622,-73.79132122921328
117,3.35,Queens,40.724061783378865,-73.79480822703549
118,3.5,Downtown,40.71458087902176,-74.00655619315897
119,4.76,Downtown,40.713428360851104,-74.00583724566528
120,4.95,Queens,40.72883145766218,-73.79450698195694
121,4.83,Uptown,40.78270008498488,-73.97181710687082
122,3.95,Uptown,40.78229126660624,-73.96762516643979
123,4.34,Uptown,40.78326142445626,-73.96765598587561
124,3.21,Queens,40.72848711080626,-73.79483115480734
125,4.96,Downtown,40.70925946101892,-74.00854595911017
126,4.89,Queens,40.7329258984282,-73.79413186625372
127,4.19,Midtown,40.75281272061114,-73.98599828360769
128,3.29,Queens,40.72840012161707,-73.79083143565711
129,4.89,Uptown,40.78659561006088,-73.96669993256278
130,4.79,Brooklyn,40.67717466636927,-73.9422504781621
131,4.98,Downtown,40.713510925014646,-74.00969297554761
132,4.02,Midtown,40.74832629441902,-73.98560867260512
133,3.7,Downtown,40.70685458645257,-74.00681175055296
134,3.75,Uptown,40.7830232477967,-73.97393203316028
135,3.99,Downtown,40.71336840132772,-74.00711851129013
136,4.82,Midtown,40.75821837869684,-73.98351127111717
137,3.26,Uptown,40.785503472842294,-73.96982726540007
138,4.3,Uptown,40.778323855827665,-73.96754495608793
139,4.83,Queens,40.73200479840886,-73.79517281888407
140,3.55,Brooklyn,40.67462830429961,-73.94530776250753
141,4.05,Queens,40.73078834080216,-73.79897144164383
142,4.59,Uptown,40.78174486306957,-73.97036480424566
143,4.03,Midtown,40.76304739379514,-73.98556456352698
144,4.05,Midtown,40.75312895299726,-73.9848311594943
145,4.53,Brooklyn,40.67797790855932,-73.9461021293063
146,3.33,Queens,40.72867490925434,-73.79671721296492
147,4.43,Queens,40.72747245520078,-73.79295044876697
148,4.83,Midtown,40.75190849554363,-73.98437399745562
149,3.2,Uptown,40.78971230678013,-73.96671699342866
150,3.12,Brooklyn,40.6763680067684,-73.94775694543281
151,3.17,Queens,40.726260519004946,-73.7913512419889
152,4.47,Midtown,40.754571802267215,-73.98568178272771
153,3.78,Brooklyn,40.67877974672785,-73.94456812921254
154,3.93,Queens,40.72614541590834,-73.79361894861027
155,4.46,Downtown,40.71566046734617,-74.00312248857314
156,4.05,Midtown,40.75535818122616,-73.98100426291322
157,4.2,Uptown,40.7831602877917,-73.96826248441673
158,4.7,Queens,40.729874294303784,-73.79572537489875
159,3.9,Queens,40.72565420259692,-73.78966276501683
160,4.75,Downtown,40.711044895668614,-74.00435584690094
161,4.05,Downtown,40.71273385515413,-74.01502853888239
162,3.8,Midtown,40.75768976370069,-73.98402258170587
163,3.52,Downtown,40.71206835912945,-74.00726478952801
164,4.46,Uptown,40.78214869975502,-73.97226088541127
165,4.24,Midtown,40.7485747752475,-73.98221114495912
166,4.62,Midtown,40.752819450094364,-73.98319969496862
167,4.09,Downtown,40.70784836385233,-74.0081490157754
168,4.73,Midtown,40.75069559831576,-73.97961092523924
169,3.57,Downtown,40.713897312391325,-74.00997530360885
170,4.46,Midtown,40.76485656663797,-73.98817792766702
171,3.79,Uptown,40.78368270029769,-73.97457820803292
172,3.23,Midtown,40.75589826492612,-73.98278712991751
173,4.06,Brooklyn,40.675918484798224,-73.9432178227694
174,3.46,Uptown,40.77995479995676,-73.97375701825497
175,3.12,Midtown,40.76106842681313,-73.98590555258583
176,3.73,Brooklyn,40.675783889142465,-73.94433227515219
177,4.96,Queens,40.722200358998954,-73.79822549104814
178,4.79,Uptown,40.78383667423811,-73.96892405694422
179,4.96,Queens,40.72691070580819,-73.79032116838123
180,3.06,Midtown,40.75668756173671,-73.98465255113376
181,3.31,Uptown,40.78780286671165,-73.97027975175791
182,3.47,Uptown,40.784206989030885,-73.97099417556521
183,4.47,Queens,40.72888074904811,-73.79091713360853
184,4.96,Brooklyn,40.68017884953697,-73.93849676872941
185,3.81,Uptown,40.79121411050449,-73.97239225305998
186,4.17,Midtown,40.76173551285547,-73.98402231193619
187,3.18,Downtown,40.7118521154309,-74.00354462366491
188,4.26,Queens,40.73104940557046,-73.79398429439736
189,4.8,Downtown,40.71815825985965,-74.00885433513363
190,4.32,Brooklyn,40.68028029444025,-73.94974622729447
191,4.31,Uptown,40.78290100819697,-73.97311077361927
192,3.97,Brooklyn,40.67670650234164,-73.94333527462581
193,3.9,Queens,40.72849586995453,-73.7962010494493
194,3.74,Downtown,40.70938053326569,-74.00928307194756
195,4.64,Downtown,40.715486002481185,-74.00785964137869
196,4.29,Midtown,40.75907277119218,-73.97862642328352
197,3.6,Uptown,40.781909161883604,-73.97470433525055
198,4.04,Downtown,40.71144838800582,-74.00706298881492
199,3.23,Queens,40.72503160822407,-73.79656706206127
200,3.09,Brooklyn,40.67960082061911,-73.93845005020121
201,3.27,Queens,40.728167376797764,-73.79943603896855
202,4.74,Midtown,40.75056982656647,-73.98647436852826
203,3.51,Queens,40.73694474405949,-73.79482419198156
204,4.93,Midtown,40.74956510200623,-73.98361109463158
205,3.68,Downtown,40.708480628299604,-74.0027500982614
206,3.82,Queens,40.73101856379066,-73.79196000700257
207,4.62,Downtown,40.71477129861209,-74.0082266392579
208,3.45,Brooklyn,40.67605709036049,-73.94337416209714
209,4.82,Midtown,40.752563828705384,-73.98463382010694
210,4.31,Brooklyn,40.67957365802575,-73.94568763539526
211,3.12,Midtown,40.756034369692806,-73.98106592717826
212,4.91,Downtown,40.71068829022115,-74.00535110561154
213,3.57,Queens,40.73118159263039,-73.79023073767128
214,3.46,Midtown,40.7566155783245,-73.98268628367798
215,4.8,Brooklyn,40.68220944488314,-73.94153250349972
216,3.65,Downtown,40.71265052976941,-74.01425660228203
217,4.45,Queens,40.73063057409165,-73.79474256107326
218,3.07,Brooklyn,40.67751518167664,-73.94301213960696
219,4.84,Uptown,40.78472324190123,-73.96973513204858
220,3.82,Queens,40.72927346377229,-73.79036811168976
221,3.36,Uptown,40.785644290687905,-73.96944806858681
222,4.96,Midtown,40.75645849115748,-73.9877388951895
223,4.48,Midtown,40.749233460408405,-73.98248399086432
224,4.59,Brooklyn,40.676320406587294,-73.94178721776612
225,4.0,Uptown,40.78334951880099,-73.97312799104499
226,4.38,Uptown,40.78449911543067,-73.97253177021504
227,3.58,Brooklyn,40.680674584238744,-73.9419340016935
228,4.04,Brooklyn,40.6798460618066,-73.94428282647613
229,3.76,Brooklyn,40.676085925071725,-73.94100761580322
230,3.85,Brooklyn,40.68095435101915,-73.94373018664471
231,3.01,Brooklyn,40.675772867326764,-73.95083270641791
232,4.62,Brooklyn,40.68198976688969,-73.94410881546428
233,3.44,Queens,40.73218991244886,-73.7961750878152
234,3.95,Brooklyn,40.678169695456305,-73.9424325441428
235,4.32,Downtown,40.71085591391267,-74.00480908504
236,3.07,Queens,40.72611185843142,-73.79780563644194
237,3.68,Midtown,40.75161801411839,-73.98348250753105
238,3.53,Brooklyn,40.675432133152235,-73.94266924336884
239,3.27,Brooklyn,40.67765863329858,-73.94294480993868
240,4.63,Brooklyn,40.67652173102247,-73.94134564012587
241,4.08,Uptown,40.778270279270984,-73.97434374587789
242,3.91,Uptown,40.7816492882822,-73.97174487385715
243,3.26,Downtown,40.71307867006954,-74.01276039538841
244,4.03,Midtown,40.753882663455315,-73.98053640640362
245,3.53,Downtown,40.710115248911194,-74.00571022999365
246,3.25,Queens,40.72102643140322,-73.79523534893966
247,4.05,Queens,40.731636315444206,-73.79528417010971
248,4.36,Downtown,40.71268115614996,-74.00455926487967
249,3.11,Queens,40.72916210099825,-73.79177797554425
250,3.11,Brooklyn,40.6787424617149,-73.9450735493078
251,4.48,Midtown,40.75639210554936,-73.98277148828818
252,3.41,Downtown,40.71352175301504,-74.00480641597764
253,3.31,Brooklyn,40.67849582872065,-73.95079540759306
254,4.92,Downtown,40.7150898871695,-74.00812402478526
255,3.36,Downtown,40.71573364440356,-74.00469351073666
256,4.37,Downtown,40.71694988835183,-74.00229844663279
257,4.63,Downtown,40.7103042575032,-74.00192278121997
258,3.66,Downtown,40.71354829321217,-74.00967400757256
259,3.93,Midtown,40.750083863760416,-73.98100175670062
260,4.11,Queens,40.726755774293345,-73.79180053243674
261,3.4,Midtown,40.75430906008106,-73.98276180409869
262,3.59,Midtown,40.7571227258388,-73.99005952092551
263,4.93,Queens,40.727846618309535,-73.79651138867693
264,3.55,Uptown,40.7851184218107,-73.97087506074449
265,4.62,Downtown,40.71176470576203,-74.00670778010657
266,4.07,Uptown,40.78136688811233,-73.97770579257481
267,4.29,Uptown,40.780693554552805,-73.9719838532152
268,3.91,Uptown,40.785172173044955,-73.97399199921784
269,4.18,Queens,40.72706481981113,-73.79312750933457
270,4.08,Brooklyn,40.67092052573313,-73.94276021111835
271,3.96,Downtown,40.7147072262271,-74.00443075868655
272,4.61,Midtown,40.75211219320224,-73.98510812386417
273,4.76,Uptown,40.78367957247633,-73.97113915165377
274,3.51,Brooklyn,40.67481266526194,-73.94445172985468
275,3.27,Midtown,40.754944195053625,-73.98125910643671
276,4.62,Uptown,40.774488767236,-73.97279998317296
277,3.42,Midtown,40.75479894196645,-73.98627158087228
278,4.73,Brooklyn,40.675574493541255,-73.94131540351496
279,3.21,Midtown,40.751096794254615,-73.981537409215
280,3.18,Uptown,40.785392543722224,-73.96980219891162
281,3.36,Queens,40.727843976145124,-73.79016195634597
282,3.02,Queens,40.72746767026547,-73.78863477397
283,4.5,Uptown,40.780927080601,-73.96750804654398
284,3.79,Midtown,40.757583706167246,-73.9862420274816
285,4.89,Downtown,40.711495792307794,-74.00350670958375
286,3.73,Queens,40.732663219679665,-73.79456929932167
287,4.41,Uptown,40.78678870414185,-73.97288690705388
288,4.37,Downtown,40.71707590076333,-74.00822337708361
289,3.65,Queens,40.73110403864935,-73.79409218045599
290,4.79,Uptown,40.781281197414536,-73.96874947159336
291,3.8,Brooklyn,40.67835734981697,-73.94006203243067
292,4.1,Downtown,40.71219080030514,-74.00397765770836
293,3.8,Queens,40.73071450252411,-73.793178206422
294,3.87,Midtown,40.7548682119813,-73.98461760208177
295,3.11,Brooklyn,40.67747027047891,-73.94355042559724
296,3.62,Midtown,40.75987408653835,-73.9884846773717
297,4.9,Downtown,40.71181773246515,-74.00430424776067
298,4.66,Uptown,40.78122668551229,-73.96990485005227
299,4.76,Downtown,40.711594157565614,-74.00025733993893
300,4.43,Uptown,40.786313700798594,-73.97131909735386
301,4.31,Uptown,40.78366335318691,-73.96762618363977
302,4.8,Downtown,40.71417536262769,-74.00742312924163
303,4.08,Uptown,40.783807988628666,-73.96610890138878
304,4.83,Uptown,40.77652130481133,-73.96685155130805
305,3.83,Uptown,40.779893568591596,-73.96780417666038
306,4.2,Downtown,40.71196369569047,-74.00581931651814
307,3.94,Brooklyn,40.67914424197363,-73.94486670686574
308,3.04,Midtown,40.751947082720505,-73.98511293474441
309,3.4,Midtown,40.7518545768078,-73.98691818329716
310,4.86,Queens,40.7272631043533,-73.79349707130173
311,4.2,Queens,40.732178842958305,-73.79564510593055
312,3.09,Downtown,40.70634140027581,-74.0048519608502
313,4.93,Uptown,40.77514534650626,-73.97069049178248
314,4.86,Midtown,40.76010603673483,-73.98722125391981
315,4.42,Brooklyn,40.673608850594,-73.94101616032822
316,3.57,Brooklyn,40.67698403264155,-73.94391172381451
317,3.59,Uptown,40.77859771927945,-73.96861339415551
318,4.73,Brooklyn,40.67729229881424,-73.9476961470671
319,3.12,Brooklyn,40.67779162221706,-73.94649174300918
320,3.47,Queens,40.73303200006254,-73.79607708839043
321,3.33,Queens,40.73036202460691,-73.79417128139214
322,4.43,Uptown,40.77925062816651,-73.97151071006662
323,3.76,Downtown,40.70707608579784,-74.00190695061274
324,4.83,Queens,40.72969903794521,-73.79179614370173
325,4.61,Uptown,40.781541163169436,-73.97339277277364
326,4.97,Queens,40.72603069045252,-73.78606120258941
327,3.6,Brooklyn,40.681754349793174,-73.94445446510927
328,3.95,Uptown,40.77783067421079,-73.96732633015607
329,4.32,Queens,40.727101060902164,-73.79575369183887
330,4.95,Brooklyn,40.68009233152784,-73.94232582786606
331,3.69,Brooklyn,40.67465908636136,-73.94135032785987
332,3.65,Uptown,40.78699431566697,-73.97571284635698
333,4.25,Midtown,40.75186502759646,-73.97875924300008
334,4.33,Midtown,40.754688749280106,-73.98634391387037
335,3.38,Brooklyn,40.67612007320488,-73.94524730238706
336,3.91,Midtown,40.74667966783343,-73.98581551325415
337,3.75,Brooklyn,40.67693823787332,-73.94590168086965
338,3.84,Brooklyn,40.680576817219944,-73.94576034268141
339,3.28,Downtown,40.709696387668195,-74.00958194858877
340,4.3,Downtown,40.710915376421156,-74.00371628678874
341,3.38,Brooklyn,40.676650627430526,-73.94385425361888
342,3.05,Queens,40.72980819299806,-73.79531488021702
343,3.99,Uptown,40.782020756884876,-73.96815173489088
344,3.08,Brooklyn,40.67826950320249,-73.93890072158419
345,4.33,Midtown,40.75500870463456,-73.98868014261342
346,4.19,Midtown,40.753329711790606,-73.97912932852276
347,4.13,Midtown,40.75996886855099,-73.98406951006294
348,3.19,Queens,40.72512411318796,-73.7989528078913
349,3.25,Brooklyn,40.68030890314021,-73.9429618792074
350,4.33,Midtown,40.75872741050266,-73.98435075175678
351,3.06,Downtown,40.71238509608214,-74.00341837749573
352,3.23,Queens,40.72838252976477,-73.79446382745701
353,4.53,Midtown,40.75649109626062,-73.98292959333544
354,3.33,Midtown,40.75378622990613,-73.98530564612238
355,3.99,Brooklyn,40.672511715379486,-73.94728529409797
356,3.2,Downtown,40.712051880530616,-74.00377471639142
357,3.47,Midtown,40.75983740580911,-73.98557487727166
358,4.76,Uptown,40.78480653997781,-73.96999283867822
359,4.51,Downtown,40.71303141638004,-74.00154244088246
360,3.38,Queens,40.73046873863424,-73.79537937848876
361,3.43,Queens,40.72776681289899,-73.79279975755372
362,3.95,Queens,40.72828842548,-73.79499178205161
363,4.26,Uptown,40.78180633170465,-73.97229395447759
364,4.16,Uptown,40.78453251693773,-73.97588704817124
365,3.57,Midtown,40.7532915943377,-73.98411819562568
366,4.89,Downtown,40.71185415624514,-74.00649269407445
367,4.67,Downtown,40.71543691522014,-74.00861239696523
368,4.3,Downtown,40.712217075757664,-74.01210526123296
369,4.82,Downtown,40.714495765413275,-74.01101048295405
370,3.59,Brooklyn,40.68014382312229,-73.9388442610743
371,3.6,Brooklyn,40.67796987988203,-73.9440865695722
372,3.62,Brooklyn,40.67715145598515,-73.94850864005299
373,3.32,Midtown,40.75094073104789,-73.9858063559551
374,3.28,Downtown,40.70951083021465,-74.0059695869237
375,4.82,Downtown,40.71462731393864,-74.00465346456757
376,4.72,Queens,40.729971850116875,-73.7955996752439
377,4.1,Queens,40.725230432743786,-73.78883635975413
378,4.32,Downtown,40.71398922643369,-73.99979492234498
379,3.48,Brooklyn,40.678849033283186,-73.9430510525343
380,3.05,Queens,40.73100653580443,-73.7959987276781
381,3.88,Queens,40.73469647215728,-73.79375222573964
382,4.34,Midtown,40.75662447847228,-73.98798671243608
383,4.36,Brooklyn,40.67612761566341,-73.9412015687185
384,4.21,Queens,40.73043016847036,-73.79438482660987
385,4.85,Queens,40.72507418294327,-73.79852106150328
386,3.42,Brooklyn,40.68486417617018,-73.94595278917429
387,3.53,Midtown,40.751220830505034,-73.98227962957796
388,3.16,Brooklyn,40.67951555286936,-73.9491955814266
389,4.87,Downtown,40.71280560906389,-74.00868053896045
390,3.91,Downtown,40.71155895920862,-74.00739759922313
391,3.8,Downtown,40.71137018883757,-74.00307434924655
392,4.97,Uptown,40.787185388764975,-73.96605690795784
393,3.86,Downtown,40.71449935258836,-74.00486380009914
394,3.67,Downtown,40.712342940212125,-74.01548056353704
395,3.42,Queens,40.73339659905553,-73.79825030684728
396,3.88,Uptown,40.782743956968794,-73.9607130636869
397,4.37,Brooklyn,40.68040462923445,-73.94372776452181
398,4.83,Uptown,40.77907879423118,-73.97901920312454
399,3.38,Downtown,40.708939066348194,-73.99888168557764
400,4.38,Uptown,40.78522925659906,-73.97520801984774
401,3.01,Downtown,40.71372418046125,-74.00427956270903
402,4.6,Brooklyn,40.68464020068198,-73.94763888655868
403,3.56,Brooklyn,40.67608403847703,-73.93759347007654
404,3.08,Brooklyn,40.68022715271104,-73.94845068072893
405,3.79,Midtown,40.75416278748244,-73.98575592129642
406,4.79,Uptown,40.78564468544543,-73.96805301571256
407,3.47,Brooklyn,40.680506411931724,-73.94585937580052
408,3.57,Uptown,40.78301742390147,-73.96974095156709
409,3.34,Queens,40.72597838816111,-73.79240790968812
410,4.96,Brooklyn,40.6771823576824,-73.94366863539776
411,3.87,Brooklyn,40.6748616517494,-73.9475332608087
412,4.9,Brooklyn,40.67929436308423,-73.94656103333733
413,3.18,Downtown,40.70437333863986,-74.00715028077495
414,3.9,Uptown,40.78135664101905,-73.96943792069631
415,3.95,Brooklyn,40.68091231129499,-73.94176491084234
416,3.51,Uptown,40.78574054866403,-73.9705846606171
417,3.99,Uptown,40.77826371566235,-73.96909350785766
418,3.7,Queens,40.72994869736194,-73.7996749162065
419,3.49,Queens,40.724776457655956,-73.7940068889541
420,3.73,Midtown,40.75376505875439,-73.98419466007893
421,4.27,Midtown,40.757197880639445,-73.98251432515897
422,3.94,Downtown,40.70987457918798,-74.00374318420927
423,3.82,Brooklyn,40.682480797789374,-73.9473532938052
424,4.71,Uptown,40.78387072997691,-73.97152999614636
425,4.29,Uptown,40.78448812513478,-73.96719656885887
426,4.27,Queens,40.73143167431506,-73.79398813097328
427,3.44,Uptown,40.78577142587212,-73.97150075281871
428,4.5,Brooklyn,40.680609687222926,-73.94785359198603
429,3.07,Midtown,40.75292679739883,-73.9823715089405
430,3.43,Queens,40.72486721743003,-73.7990707827566
431,3.83,Downtown,40.71195316148165,-74.00653520154319
432,4.78,Uptown,40.78452322382122,-73.97267366853389
433,3.06,Queens,40.724343227882294,-73.79371970208298
434,3.89,Brooklyn,40.67994856735284,-73.9459960738731
435,3.24,Downtown,40.71392340944245,-74.00698536980163
436,3.46,Queens,40.727654576688714,-73.79763212750066
437,3.81,Midtown,40.7550845691887,-73.98474530486716
438,3.2,Uptown,40.78329533163998,-73.97055580145012
439,4.66,Uptown,40.78442483940936,-73.97224215758908
440,3.17,Midtown,40.757139254312655,-73.98494055761522
441,4.17,Midtown,40.76351430301539,-73.98350640825484
442,3.33,Queens,40.72870723804061,-73.7918967058225
443,3.21,Brooklyn,40.67626766991125,-73.94196616770967
444,3.93,Queens,40.722481446137216,-73.79878134390083
445,3.69,Midtown,40.75067611061302,-73.98169782772155
446,3.09,Midtown,40.75262789163602,-73.97989644275093
447,3.13,Uptown,40.78516832183532,-73.96908292669158
448,3.6,Brooklyn,40.677015378090594,-73.95144052721822
449,4.57,Downtown,40.71402018424299,-74.00520573503073
450,4.7,Midtown,40.75270384878315,-73.97984955071308
451,3.13,Uptown,40.78446632417081,-73.9725458522028
452,3.34,Downtown,40.71541724543587,-73.99729955996327
453,3.68,Uptown,40.781893377098065,-73.97774079179088
454,4.3,Downtown,40.71410494193088,-74.00556155652232
455,3.57,Queens,40.72687878627798,-73.79272983710015
456,3.44,Uptown,40.7794043839074,-73.97068374666809
457,4.18,Downtown,40.71446108708217,-74.0055380054307
458,4.36,Uptown,40.784338244188866,-73.97432039774293
459,3.97,Midtown,40.75668037485281,-73.98572595516798
460,4.34,Uptown,40.78596659766443,-73.96947900738859
461,3.01,Midtown,40.75415357374426,-73.99034121297512
462,3.66,Uptown,40.78257455454825,-73.96848405044145
463,4.22,Downtown,40.7119453531052,-74.0063421389415
464,4.3,Midtown,40.75593586470796,-73.98234317606207
465,3.39,Midtown,40.75448375759239,-73.98146084407863
466,3.66,Brooklyn,40.67857774146702,-73.9330092281004
467,3.45,Queens,40.72603806864009,-73.79070386035495
468,4.8,Queens,40.725117214599614,-73.79850522297805
469,3.59,Midtown,40.75217381992616,-73.9775148554346
470,4.76,Midtown,40.756149772534634,-73.99213999412933
471,4.77,Midtown,40.754771414355126,-73.9853312198372
472,4.05,Uptown,40.7816193867146,-73.97067919032624
473,4.74,Queens,40.730190013101726,-73.79587200496876
474,3.15,Midtown,40.759273484647515,-73.98315472647995
475,3.25,Brooklyn,40.67671568433034,-73.94470625322852
476,3.81,Midtown,40.75164801856099,-73.98014574605499
477,4.38,Midtown,40.757735374302264,-73.98544673774425
478,4.94,Uptown,40.78314628711726,-73.97154691915777
479,3.93,Brooklyn,40.67764987058353,-73.93888549846557
480,3.01,Queens,40.73125325855133,-73.79199562175363
481,3.36,Brooklyn,40.6774123618721,-73.94470965133956
482,3.88,Brooklyn,40.679391184362956,-73.94278305094736
483,4.38,Queens,40.728680795543056,-73.78928203841357
484,4.17,Brooklyn,40.68793350118018,-73.94835371321747
485,4.75,Downtown,40.712397122203555,-74.00926243277938
486,3.53,Downtown,40.71561044988553,-74.00772381640806
487,4.08,Uptown,40.782348027428725,-73.97054842445675
488,3.29,Downtown,40.71415012748854,-74.00309484707763
489,4.29,Brooklyn,40.67761205980938,-73.94649460717578
490,4.52,Brooklyn,40.68058620793699,-73.9470249236294
491,4.03,Queens,40.72791296365104,-73.79883494099714
492,3.9,Downtown,40.714310500095635,-74.00882678756231
493,3.37,Brooklyn,40.67593201326454,-73.94616725084984
494,4.87,Queens,40.72581008578491,-73.80139036514673
495,4.21,Downtown,40.707153787037186,-74.00768397333594
496,4.63,Brooklyn,40.679297406213884,-73.94734854045095
497,3.05,Queens,40.72625302189332,-73.79539168578451
498,3.5,Downtown,40.71938648871468,-74.00090580948985
499,3.96,Uptown,40.78168303671701,-73.97598035158623
